text,id
Nuwara Eliya: 527 available properties. Showing 1 – 45,10008
Kennesaw (GA): 34 available properties. Showing 1 – 34,10000
: 29 available properties. Showing 1 – 29,20592
Palatine (IL): 44 available properties. Showing 1 – 44,22108
White Springs (FL): 17 available properties. Showing 1 – 17,21769
Vulcano: 63 available properties (including,21130
Liberty Lake (WA): 18 available properties. Showing 1 – 18,22276
Lexington (NC): 49 available properties. Showing 1 – 45,22560
Urra: 14 available properties (including,73326
: 21 available properties. Showing 1 – 21,69526
: 18 available properties. Showing 1 – 18,73203
Dormelletto: 73 available properties. Showing 1 – 45,75827
: 91 available properties. Showing 1 – 45,70178
Ghimbav: 275 available properties (including,68098
: 7 available properties. Showing 1 – 7,78760
Oberau: 49 available properties (including,70711
Hugo (OK): 16 available properties. Showing 1 – 16,78801
: 12 available properties. Showing 1 – 12,87262
: 44 available properties (including,78390
Copiague (NY): 18 available properties. Showing 1 – 18,88063
: 16 available properties. Showing 1 – 16,87651
Franklin (LA): 16 available properties. Showing 1 – 16,99999
Liverpool (NS): 15 available properties. Showing 1 – 15,98886
Franklin (TX): 15 available properties. Showing 1 – 15,100000
Serravalle: 18 available properties. Showing 1 – 18,99188
Fort Valley (GA): 48 available properties. Showing 1 – 45,99995
Franklin (IN): 23 available properties. Showing 1 – 23,99998
Fostoria (OH): 17 available properties. Showing 1 – 17,99996
Fort Sumner (NM): 1 available property,99994
Frackville (PA): 17 available properties. Showing 1 – 17,99997
Fort Oglethorpe (GA): 15 available properties. Showing 1 – 15,99993
Fort Morgan (CO): 9 available properties. Showing 1 – 9,99992
: 33 available properties. Showing 1 – 33,99990
Forks (WA): 1 available property,99986
Fort Madison (IA): 15 available properties. Showing 1 – 15,99991
: 27 available properties. Showing 1 – 27,99989
Fort Dodge (IA): 12 available properties. Showing 1 – 12,99988
Forest Grove (OR): 23 available properties. Showing 1 – 23,99985
Forney (TX): 17 available properties. Showing 1 – 17,99987
: 18 available properties. Showing 1 – 18,99983
Fontana (WI): 18 available properties. Showing 1 – 18,99981
Flat Rock (MI): 29 available properties. Showing 1 – 29,99976
Forest City (IA): 13 available properties. Showing 1 – 13,99984
Fordyce (AR): 3 available properties. Showing 1 – 3,99982
Florence (CO): 27 available properties. Showing 1 – 27,99978
Fogelsville (PA): 18 available properties. Showing 1 – 18,99980
: 14 available properties. Showing 1 – 14,99977
Floresville (TX): 25 available properties. Showing 1 – 25,99979
Fernley (NV): 38 available properties. Showing 1 – 38,99974
Fishersville (VA): 16 available properties. Showing 1 – 16,99975
Fennville (MI): 8 available properties. Showing 1 – 8,99971
Fayetteville (WV): 9 available properties. Showing 1 – 9,99970
: 26 available properties. Showing 1 – 26,99964
Ferndale (WA): 23 available properties. Showing 1 – 23,99973
Fayetteville (NY): 25 available properties. Showing 1 – 25,99968
Farmingdale (NY): 17 available properties. Showing 1 – 17,99965
Fayetteville (TN): 46 available properties. Showing 1 – 45,99969
: Checking rates & availability…,99966
: 68 available properties. Showing 1 – 45,99961
Fancy Gap (VA): 18 available properties. Showing 1 – 18,99962
: 15 available properties. Showing 1 – 15,99955
: 35 available properties. Showing 1 – 35,99958
: 7 available properties. Showing 1 – 7,99959
Fall River (MA): 23 available properties. Showing 1 – 23,99960
Exmore (VA): 7 available properties. Showing 1 – 7,99952
Fairmont (WA): 27 available properties. Showing 1 – 27,99957
: 18 available properties. Showing 1 – 18,99954
Fairfield (IA): 16 available properties. Showing 1 – 16,99956
Evergreen (AL): 11 available properties. Showing 1 – 11,99951
Evans (CO): 18 available properties. Showing 1 – 18,99948
Eunice (LA): 12 available properties. Showing 1 – 12,99944
Eupora (MS): 12 available properties. Showing 1 – 12,99945
Evansdale (IA): 22 available properties. Showing 1 – 22,99949
Eutaw (AL): 18 available properties. Showing 1 – 18,99947
Eustis (FL): 19 available properties. Showing 1 – 19,99946
Eufaula (OK): 17 available properties. Showing 1 – 17,99943
Essex (MD): 57 available properties. Showing 1 – 45,99940
Escanaba (MI): 9 available properties. Showing 1 – 9,99939
Estherville (IA): 18 available properties. Showing 1 – 18,99941
Erick (OK): 22 available properties. Showing 1 – 22,99938
Endicott (NY): 18 available properties. Showing 1 – 18,99935
Ennis (TX): 17 available properties. Showing 1 – 17,99936
Ephrata (WA): 19 available properties. Showing 1 – 19,99937
Ely (NV): 12 available properties. Showing 1 – 12,99932
Emmitsburg (MD): 32 available properties. Showing 1 – 32,99934
Emmetsburg (IA): 17 available properties. Showing 1 – 17,99933
Ely (MN): 4 available properties. Showing 1 – 4,99931
Elmendorf (TX): 15 available properties. Showing 1 – 15,99929
Elkview (WV): 16 available properties. Showing 1 – 16,99926
Ellicottville (NY): 2 available properties. Showing 1 – 2,99927
Elma (WA): 21 available properties. Showing 1 – 21,99928
Elkins (WV): 13 available properties. Showing 1 – 13,99924
Elkhorn (WI): 22 available properties. Showing 1 – 22,99922
Elkin (NC): 17 available properties. Showing 1 – 17,99923
Elk River (MN): 16 available properties. Showing 1 – 16,99921
: 52 available properties. Showing 1 – 45,99930
Elizabethtown (NC): 18 available properties. Showing 1 – 18,99920
Elberton (GA): 17 available properties. Showing 1 – 17,99919
El Reno (OK): 16 available properties. Showing 1 – 16,99918
El Dorado Springs (MO): 8 available properties. Showing 1 – 8,99915
El Paso (IL): 26 available properties. Showing 1 – 26,99917
Edna (TX): 23 available properties. Showing 1 – 23,99913
: 12 available properties. Showing 1 – 12,99914
: 49 available properties. Showing 1 – 45,99916
Ebensburg (PA): 23 available properties. Showing 1 – 23,99909
Edgartown (MA): 8 available properties. Showing 1 – 8,99910
Eastman (GA): 16 available properties. Showing 1 – 16,99908
Edgewater (FL): 9 available properties. Showing 1 – 9,99911
Edmonds (WA): 17 available properties. Showing 1 – 17,99912
Eastland (TX): 11 available properties. Showing 1 – 11,99907
Eastlake (OH): 18 available properties. Showing 1 – 18,99906
: 15 available properties. Showing 1 – 15,99904
East Troy (WI): 26 available properties. Showing 1 – 26,99905
: 19 available properties. Showing 1 – 19,99899
East Providence (RI): 23 available properties. Showing 1 – 23,99903
East Palatka (FL): 43 available properties. Showing 1 – 43,99902
East Norwich (NY): 18 available properties. Showing 1 – 18,99901
: Checking rates & availability…,99897
East Hanover (NJ): 32 available properties. Showing 1 – 32,99900
East Aurora (NY): 19 available properties. Showing 1 – 19,99898
Eads (CO): 7 available properties. Showing 1 – 7,99894
Eagle River (WI): 15 available properties. Showing 1 – 15,99896
Dumas (AR): 6 available properties. Showing 1 – 6,99891
Eagle River (AK): 43 available properties. Showing 1 – 43,99895
Durant (MS): 4 available properties. Showing 1 – 4,99893
Dunbar (WV): 12 available properties. Showing 1 – 12,99892
: 21 available properties. Showing 1 – 21,99889
Dowagiac (MI): 19 available properties. Showing 1 – 19,99886
Du Quoin (IL): 28 available properties. Showing 1 – 28,99890
: 53 available properties. Showing 1 – 45,99888
Dover (OH): 11 available properties. Showing 1 – 11,99885
Doylestown (PA): 28 available properties. Showing 1 – 28,99887
: 7 available properties. Showing 1 – 7,99883
: 33 available properties. Showing 1 – 33,99884
: 6 available properties (including,99882
Donaldsonville (LA): 16 available properties. Showing 1 – 16,99879
Dixon (IL): 14 available properties. Showing 1 – 14,99877
Donegal (PA): 15 available properties. Showing 1 – 15,99881
Dimondale (MI): 18 available properties. Showing 1 – 18,99875
Donalsonville (GA): 23 available properties. Showing 1 – 23,99880
Dixon (CA): 18 available properties. Showing 1 – 18,99876
: 51 available properties. Showing 1 – 45,99874
Dewitt (MI): 19 available properties. Showing 1 – 19,99873
Devils Elbow (MO): 16 available properties. Showing 1 – 16,99872
Dobson (NC): 15 available properties. Showing 1 – 15,99878
Denison (TX): 12 available properties. Showing 1 – 12,99868
Denton (MD): 16 available properties. Showing 1 – 16,99869
Deridder (LA): 12 available properties. Showing 1 – 12,99871
Denison (IA): 15 available properties. Showing 1 – 15,99867
Derby (KS): 46 available properties. Showing 1 – 45,99870
Deltona (FL): 26 available properties. Showing 1 – 26,99866
Delta (UT): 5 available properties. Showing 1 – 5,99865
Delphos (OH): 18 available properties. Showing 1 – 18,99863
Deer Park (TX): 34 available properties. Showing 1 – 34,99861
Decatur (IN): 12 available properties. Showing 1 – 12,99859
Delaware (OH): 15 available properties. Showing 1 – 15,99862
De Witt (IA): 28 available properties. Showing 1 – 28,99858
De Pere (WI): 22 available properties. Showing 1 – 22,99857
: 44 available properties. Showing 1 – 44,99860
De Land (FL): 15 available properties. Showing 1 – 15,99856
Dawsonville (GA): 9 available properties. Showing 1 – 9,99855
Darlington (WI): 17 available properties. Showing 1 – 17,99853
: 34 available properties. Showing 1 – 34,99851
Daleville (VA): 26 available properties. Showing 1 – 26,99848
Dallas (GA): 39 available properties. Showing 1 – 39,99849
Daleville (AL): 28 available properties. Showing 1 – 28,99847
Delta (CO): 14 available properties. Showing 1 – 14,99864
Dale (IN): 41 available properties. Showing 1 – 41,99846
Dafter (MI): 7 available properties. Showing 1 – 7,99844
Dahlonega (GA): 25 available properties. Showing 1 – 25,99845
Cuthbert (GA): 11 available properties. Showing 1 – 11,99842
Cuba (NY): 11 available properties. Showing 1 – 11,99840
Dade City (FL): 6 available properties. Showing 1 – 6,99843
Cut Bank (MT): 6 available properties. Showing 1 – 6,99841
Crete (NE): 31 available properties. Showing 1 – 31,99838
: 8 available properties. Showing 1 – 8,99839
Cresson (TX): 15 available properties. Showing 1 – 15,99834
Crested Butte (CO): 4 available properties. Showing 1 – 4,99835
Creswell (OR): 42 available properties. Showing 1 – 42,99837
Cozad (NE): 7 available properties. Showing 1 – 7,99831
Crandon (WI): 13 available properties. Showing 1 – 13,99832
Covington (TN): 13 available properties. Showing 1 – 13,99829
Cotulla (TX): 23 available properties. Showing 1 – 23,99828
Crawfordville (FL): 39 available properties. Showing 1 – 39,99833
: 29 available properties. Showing 1 – 29,99827
Cornersville (TN): 9 available properties. Showing 1 – 9,99825
Corfu (NY): 28 available properties. Showing 1 – 28,99823
Cottage Grove (MN): 42 available properties. Showing 1 – 42,99826
Corinth (VT): 23 available properties. Showing 1 – 23,99824
Copperas Cove (TX): 24 available properties. Showing 1 – 24,99822
Copalis Beach (WA): 2 available properties. Showing 1 – 2,99821
Coopersburg (PA): 16 available properties. Showing 1 – 16,99819
Coopersville (MI): 25 available properties. Showing 1 – 25,99820
Cookstown (NJ): 18 available properties. Showing 1 – 18,99818
Conch Key (FL): 6 available properties. Showing 1 – 6,99815
Conrad (MT): 4 available properties. Showing 1 – 4,99817
Concordia (MO): 14 available properties. Showing 1 – 14,99816
Columbia (PA): 14 available properties. Showing 1 – 14,99811
Columbia City (IN): 27 available properties. Showing 1 – 27,99812
: Checking rates & availability…,99813
Columbia (KY): 11 available properties. Showing 1 – 11,99809
Colorado City (TX): 16 available properties. Showing 1 – 16,99807
: 58 available properties. Showing 1 – 45,99814
Colts Neck (NJ): 24 available properties. Showing 1 – 24,99808
Collinsville (VA): 18 available properties. Showing 1 – 18,99806
Columbia (MS): 27 available properties. Showing 1 – 27,99810
: 24 available properties. Showing 1 – 24,99805
: 18 available properties. Showing 1 – 18,99803
Colfax (IA): 16 available properties. Showing 1 – 16,99804
: 11 available properties. Showing 1 – 11,99802
Coffeyville (KS): 17 available properties. Showing 1 – 17,99801
Coalinga (CA): 6 available properties. Showing 1 – 6,99798
Cobleskill (NY): 21 available properties. Showing 1 – 21,99800
Clinton Township (MI): 13 available properties. Showing 1 – 13,99796
: 28 available properties. Showing 1 – 28,99797
Cleveland (GA): 2 available properties. Showing 1 – 2,99789
Clinton (AR): 9 available properties. Showing 1 – 9,99793
Clinton (MD): 39 available properties. Showing 1 – 39,99794
Clinton (NC): 29 available properties. Showing 1 – 29,99795
Clint (TX): 14 available properties. Showing 1 – 14,99792
Clearwater (MN): 23 available properties. Showing 1 – 23,99788
: 25 available properties. Showing 1 – 25,99791
Cleveland (TX): 46 available properties. Showing 1 – 45,99790
Clear Lake (IA): 13 available properties. Showing 1 – 13,99785
Clayton (NM): 3 available properties. Showing 1 – 3,99784
: 23 available properties. Showing 1 – 23,99786
Clayton (NC): 17 available properties. Showing 1 – 17,99783
Clearfield (UT): 19 available properties. Showing 1 – 19,99787
Clayton (GA): 14 available properties. Showing 1 – 14,99782
Claremont (NH): 17 available properties. Showing 1 – 17,99778
: 39 available properties. Showing 1 – 39,99781
: 7 available properties. Showing 1 – 7,99780
Circleville (OH): 17 available properties. Showing 1 – 17,99774
: 17 available properties. Showing 1 – 17,99777
Clairton (PA): 19 available properties. Showing 1 – 19,99776
Cisco (TX): 11 available properties. Showing 1 – 11,99775
: 31 available properties. Showing 1 – 31,99773
Chisago City (MN): 33 available properties. Showing 1 – 33,99769
Chocowinity (NC): 24 available properties. Showing 1 – 24,99770
Chillicothe (MO): 6 available properties. Showing 1 – 6,99767
Chino (CA): 18 available properties. Showing 1 – 18,99768
Chilhowie (VA): 16 available properties. Showing 1 – 16,99766
Chetek (WI): 16 available properties. Showing 1 – 16,99763
Childersburg (AL): 36 available properties. Showing 1 – 36,99765
: 19 available properties. Showing 1 – 19,99762
Chickamauga (GA): 37 available properties. Showing 1 – 37,99764
Chester (CA): 1 available property,99761
: 5 available properties (including,99759
Cherokee (IA): 7 available properties. Showing 1 – 7,99758
: 21 available properties. Showing 1 – 21,99760
Chenoa (IL): 21 available properties. Showing 1 – 21,99756
Checotah (OK): 18 available properties. Showing 1 – 18,99754
Charlevoix (MI): 8 available properties. Showing 1 – 8,99752
Chanute (KS): 12 available properties. Showing 1 – 12,99749
Cheboygan (MI): 29 available properties. Showing 1 – 29,99753
Chamberlain (SD): 5 available properties. Showing 1 – 5,99748
Charles City (IA): 13 available properties. Showing 1 – 13,99750
: 24 available properties. Showing 1 – 24,99747
Centre (AL): 21 available properties (including,99746
Cedar Key (FL): 5 available properties. Showing 1 – 5,99742
Centerville (IN): 18 available properties. Showing 1 – 18,99744
Central City (KY): 19 available properties. Showing 1 – 19,99745
Cedar Hill (TX): 26 available properties. Showing 1 – 26,99741
: Checking rates & availability…,99757
: 28 available properties. Showing 1 – 28,99743
Cedar Bluff (VA): 14 available properties. Showing 1 – 14,99739
Cave City (KY): 14 available properties. Showing 1 – 14,99736
Charleston (MO): 15 available properties. Showing 1 – 15,99751
Cave Creek (AZ): 5 available properties (including,99737
Catlettsburg (KY): 17 available properties. Showing 1 – 17,99733
: 54 available properties. Showing 1 – 45,99734
: 8 available properties. Showing 1 – 8,99731
Castleton On Hudson (NY): 14 available properties. Showing 1 – 14,99732
: 18 available properties. Showing 1 – 18,99728
Casselton (ND): 45 available properties. Showing 1 – 45,99730
Carthage (MO): 22 available properties. Showing 1 – 22,99727
Catskill (NY): 13 available properties. Showing 1 – 13,99735
Carroll (IA): 13 available properties. Showing 1 – 13,99725
Carrollton (VA): 45 available properties. Showing 1 – 45,99726
Carlyle (IL): 11 available properties. Showing 1 – 11,99723
Carlisle (AR): 19 available properties. Showing 1 – 19,99721
: 19 available properties. Showing 1 – 19,99722
: 28 available properties. Showing 1 – 28,99729
Canyonville (OR): 14 available properties. Showing 1 – 14,99717
Canton (NC): 24 available properties. Showing 1 – 24,99716
: 101 available properties (including,99719
Canton (MO): 11 available properties. Showing 1 – 11,99715
Canandaigua (NY): 12 available properties (including,99712
Cape Charles (VA): 48 available properties. Showing 1 – 45,99718
Canadian (TX): 1 available property,99711
Capitol Heights (MD): 19 available properties. Showing 1 – 19,99720
Candler (NC): 21 available properties. Showing 1 – 21,99713
Camilla (GA): 24 available properties. Showing 1 – 24,99709
Camdenton (MO): 13 available properties. Showing 1 – 13,99706
: 52 available properties. Showing 1 – 45,99710
Camden (AL): 2 available properties. Showing 1 – 2,99705
Cameron (MO): 18 available properties. Showing 1 – 18,99707
Cameron (TX): 16 available properties. Showing 1 – 16,99708
Calvert City (KY): 15 available properties. Showing 1 – 15,99704
: Checking rates & availability…,99702
: 31 available properties. Showing 1 – 31,99697
Cadiz (KY): 15 available properties. Showing 1 – 15,99699
Calimesa (CA): 23 available properties. Showing 1 – 23,99703
: 7 available properties. Showing 1 – 7,99700
Butler (MO): 11 available properties. Showing 1 – 11,99696
Cabot (AR): 31 available properties. Showing 1 – 31,99698
Burns (OR): 3 available properties. Showing 1 – 3,99694
Burlington (WI): 16 available properties. Showing 1 – 16,99693
Bulls Gap (TN): 14 available properties. Showing 1 – 14,99690
Burlington (CO): 14 available properties. Showing 1 – 14,99692
Buffalo (TX): 16 available properties. Showing 1 – 16,99688
Bull Shoals (AR): 14 available properties. Showing 1 – 14,99689
: 19 available properties. Showing 1 – 19,99691
Buffalo (MN): 19 available properties. Showing 1 – 19,99687
Buena Vista (CO): 14 available properties. Showing 1 – 14,99686
Buena (NJ): 18 available properties. Showing 1 – 18,99685
Brush (CO): 9 available properties. Showing 1 – 9,99682
Buckeye (AZ): 14 available properties. Showing 1 – 14,99684
Bruceton Mills (WV): 9 available properties. Showing 1 – 9,99681
Broussard (LA): 21 available properties. Showing 1 – 21,99678
Brownsville (VT): 24 available properties. Showing 1 – 24,99680
Brownsville (TN): 36 available properties. Showing 1 – 36,99679
Brookshire (TX): 24 available properties. Showing 1 – 24,99677
Brooklyn (IA): 21 available properties. Showing 1 – 21,99676
Brookings (OR): 16 available properties. Showing 1 – 16,99675
Brigham City (UT): 18 available properties. Showing 1 – 18,99673
Bridgeport (TX): 3 available properties. Showing 1 – 3,99670
Bridge City (TX): 19 available properties. Showing 1 – 19,99668
Bridgeport (MI): 15 available properties. Showing 1 – 15,99669
: 31 available properties. Showing 1 – 31,99671
Brewer (ME): 16 available properties. Showing 1 – 16,99667
: 28 available properties. Showing 1 – 28,99674
: 16 available properties. Showing 1 – 16,99665
Breckenridge (MN): 8 available properties. Showing 1 – 8,99663
Brentwood (NY): 22 available properties. Showing 1 – 22,99666
Breckenridge (TX): 12 available properties. Showing 1 – 12,99664
Brady (TX): 2 available properties. Showing 1 – 2,99660
Brainerd (MN): 12 available properties. Showing 1 – 12,99661
Brandenburg (KY): 33 available properties. Showing 1 – 33,99662
Bradford (PA): 11 available properties. Showing 1 – 11,99658
Bottineau (ND): 2 available properties. Showing 1 – 2,99654
Borger (TX): 7 available properties. Showing 1 – 7,99652
Bowie (TX): 14 available properties. Showing 1 – 14,99655
Bowling Green (MO): 17 available properties. Showing 1 – 17,99656
Bradley (IL): 27 available properties. Showing 1 – 27,99659
: 29 available properties. Showing 1 – 29,99653
Booneville (MS): 22 available properties. Showing 1 – 22,99651
: Checking rates & availability…,99649
Bonham (TX): 12 available properties. Showing 1 – 12,99648
: 19 available properties. Showing 1 – 19,99647
Bolivar (OH): 25 available properties. Showing 1 – 25,99646
: 23 available properties. Showing 1 – 23,99643
: 38 available properties. Showing 1 – 38,99644
Boaz (AL): 19 available properties. Showing 1 – 19,99642
Bolivar (MO): 21 available properties. Showing 1 – 21,99645
Bluffton (OH): 22 available properties. Showing 1 – 22,99641
Blue Ridge (GA): 6 available properties. Showing 1 – 6,99640
: 17 available properties. Showing 1 – 17,99639
: 22 available properties. Showing 1 – 22,99638
Blakely (GA): 9 available properties. Showing 1 – 9,99637
Blairsville (PA): 14 available properties. Showing 1 – 14,99636
Blackshear (GA): 17 available properties. Showing 1 – 17,99632
Blackwell (OK): 15 available properties. Showing 1 – 15,99633
Blair (NE): 51 available properties. Showing 1 – 45,99635
: Checking rates & availability…,99631
Black Mountain (NC): 23 available properties. Showing 1 – 23,99630
: 7 available properties. Showing 1 – 7,99629
Bishopville (SC): 17 available properties. Showing 1 – 17,99628
Bishop (TX): 16 available properties. Showing 1 – 16,99627
Bisbee (AZ): 21 available properties. Showing 1 – 21,99625
Big Timber (MT): 3 available properties. Showing 1 – 3,99623
Biscoe (NC): 22 available properties. Showing 1 – 22,99626
: 55 available properties. Showing 1 – 45,99624
: 149 available properties (including,99634
Bethel (PA): 16 available properties. Showing 1 – 16,99620
: 21 available properties. Showing 1 – 21,99622
Biddeford (ME): 27 available properties. Showing 1 – 27,99621
Berlin (WI): 1 available property,99618
: 17 available properties. Showing 1 – 17,99619
: Checking rates & availability…,99614
Benson (MN): 5 available properties. Showing 1 – 5,99616
Benson (NC): 24 available properties. Showing 1 – 24,99617
Belvidere (IL): 11 available properties. Showing 1 – 11,99612
Benson (AZ): 31 available properties. Showing 1 – 31,99615
: 27 available properties. Showing 1 – 27,99609
Beloit (KS): 3 available properties. Showing 1 – 3,99610
: 31 available properties. Showing 1 – 31,99613
Belton (MO): 28 available properties. Showing 1 – 28,99611
: Checking rates & availability…,99608
Bellville (OH): 4 available properties. Showing 1 – 4,99606
: 48 available properties. Showing 1 – 45,99607
Belleville (KS): 3 available properties. Showing 1 – 3,99603
Bellevue (OH): 47 available properties. Showing 1 – 45,99604
Bellaire (MI): 4 available properties. Showing 1 – 4,99601
Belle Fourche (SD): 31 available properties. Showing 1 – 31,99602
: 28 available properties. Showing 1 – 28,99599
Belfast (ME): 18 available properties. Showing 1 – 18,99598
: 68 available properties (including,99600
: 51 available properties (including,99605
Belcamp (MD): 19 available properties. Showing 1 – 19,99596
Belen (NM): 45 available properties. Showing 1 – 45,99597
: 13 available properties. Showing 1 – 13,99593
Beebe (AR): 25 available properties. Showing 1 – 25,99594
Becker (MN): 18 available properties. Showing 1 – 18,99591
: 27 available properties. Showing 1 – 27,99590
Beaver Dam (WI): 13 available properties. Showing 1 – 13,99589
Beaver Dam (KY): 15 available properties. Showing 1 – 15,99588
Beaver (WV): 9 available properties. Showing 1 – 9,99587
: 24 available properties. Showing 1 – 24,99585
Bear (DE): 26 available properties. Showing 1 – 26,99586
Baxter (MN): 12 available properties. Showing 1 – 12,99582
Bay Shore (NY): 15 available properties. Showing 1 – 15,99583
Beach Haven (NJ): 69 available properties. Showing 1 – 45,99584
Barnwell (SC): 12 available properties. Showing 1 – 12,99577
Baraga (MI): 6 available properties. Showing 1 – 6,99576
: 61 available properties. Showing 1 – 45,99579
Barre (VT): 21 available properties. Showing 1 – 21,99578
Ballston Spa (NY): 12 available properties. Showing 1 – 12,99574
Baldwin (WI): 18 available properties. Showing 1 – 18,99572
Bainbridge (GA): 12 available properties. Showing 1 – 12,99568
Azusa (CA): 24 available properties. Showing 1 – 24,99567
Baker (LA): 36 available properties. Showing 1 – 36,99570
Bainbridge Island (WA): 92 available properties (including,99569
: 62 available properties (including,99571
: 55 available properties. Showing 1 – 45,99566
: 18 available properties. Showing 1 – 18,99562
Augusta (KS): 32 available properties. Showing 1 – 32,99563
Auburn (MI): 18 available properties. Showing 1 – 18,99561
: 7 available properties. Showing 1 – 7,99560
Atlantic (IA): 14 available properties. Showing 1 – 14,99558
Atlantic Highlands (NJ): 15 available properties. Showing 1 – 15,99559
Aspermont (TX): 2 available properties. Showing 1 – 2,99556
Atascadero (CA): 7 available properties. Showing 1 – 7,99557
: 18 available properties. Showing 1 – 18,99554
Arlington (WA): 17 available properties. Showing 1 – 17,99553
Arkansas City (KS): 21 available properties. Showing 1 – 21,99550
Ardmore (TN): 15 available properties. Showing 1 – 15,99549
Arlington (VT): 11 available properties. Showing 1 – 11,99552
Arab (AL): 27 available properties. Showing 1 – 27,99547
Aransas Pass (TX): 25 available properties. Showing 1 – 25,99548
Aptos (CA): 18 available properties. Showing 1 – 18,99546
Appomattox (VA): 23 available properties. Showing 1 – 23,99545
Apache Junction (AZ): 18 available properties (including,99543
Antioch (CA): 21 available properties. Showing 1 – 21,99542
Apalachin (NY): 23 available properties. Showing 1 – 23,99544
Antigo (WI): 24 available properties. Showing 1 – 24,99541
Annawan (IL): 17 available properties. Showing 1 – 17,99538
Anthony (TX): 22 available properties. Showing 1 – 22,99540
: 24 available properties. Showing 1 – 24,99539
Angleton (TX): 19 available properties. Showing 1 – 19,99537
Angels Camp (CA): 18 available properties. Showing 1 – 18,99536
Anderson (MO): 18 available properties. Showing 1 – 18,99534
: 7 available properties. Showing 1 – 7,99535
Andalusia (AL): 6 available properties. Showing 1 – 6,99533
Anamosa (IA): 17 available properties. Showing 1 – 17,99532
: 24 available properties. Showing 1 – 24,99531
Amsterdam (NY): 19 available properties. Showing 1 – 19,99529
Amite (LA): 13 available properties. Showing 1 – 13,99528
: Checking rates & availability…,99524
Amherst (OH): 16 available properties. Showing 1 – 16,99527
Anadarko (OK): 6 available properties. Showing 1 – 6,99530
: 7 available properties. Showing 1 – 7,99525
Altamont (IL): 14 available properties. Showing 1 – 14,99520
Altus (OK): 6 available properties. Showing 1 – 6,99521
Amherst (MA): 16 available properties. Showing 1 – 16,99526
Alvarado (TX): 23 available properties. Showing 1 – 23,99522
: 111 available properties. Showing 1 – 45,99523
Alma (MI): 19 available properties. Showing 1 – 19,99519
Alma (AR): 17 available properties. Showing 1 – 17,99517
Allendale (MI): 37 available properties. Showing 1 – 37,99516
Alma (GA): 22 available properties. Showing 1 – 22,99518
: 17 available properties. Showing 1 – 17,99515
Algona (IA): 7 available properties. Showing 1 – 7,99512
Aliso Viejo (CA): 25 available properties. Showing 1 – 25,99514
Algoma (WI): 9 available properties. Showing 1 – 9,99511
: 64 available properties. Showing 1 – 45,99513
Alexander City (AL): 6 available properties. Showing 1 – 6,99510
Albertville (MN): 19 available properties. Showing 1 – 19,99509
Alanson (MI): 9 available properties. Showing 1 – 9,99507
Ainsworth (NE): 1 available property,99504
Alachua (FL): 18 available properties. Showing 1 – 18,99506
Akron (PA): 52 available properties. Showing 1 – 45,99505
Adairsville (GA): 21 available properties. Showing 1 – 21,99501
Adelanto (CA): 22 available properties. Showing 1 – 22,99503
Adamsville (TN): 17 available properties. Showing 1 – 17,99502
Adair (IA): 8 available properties. Showing 1 – 8,99500
Aberdeen (WA): 12 available properties. Showing 1 – 12,99498
Abbotsford (WI): 11 available properties. Showing 1 – 11,99497
: 26 available properties. Showing 1 – 26,99499
Rosscor: 3 available properties. Showing 1 – 3,99492
Scrabster: 6 available properties. Showing 1 – 6,99494
: 58 available properties. Showing 1 – 45,99496
Ongar: 22 available properties. Showing 1 – 22,99490
Roslin: 62 available properties (including,99491
North Waltham: 27 available properties (including,99489
: 456 available properties (including,99493
: 49 available properties. Showing 1 – 45,99495
Mundford: 8 available properties. Showing 1 – 8,99488
: 14 available properties. Showing 1 – 14,99487
Lyng: 9 available properties. Showing 1 – 9,99484
Lewtrenchard: 11 available properties. Showing 1 – 11,99483
Midgham: 26 available properties. Showing 1 – 26,99485
Inchmarlo: 9 available properties. Showing 1 – 9,99479
Kincraig: 7 available properties. Showing 1 – 7,99480
Kirkcudbright: 6 available properties. Showing 1 – 6,99481
: 11 available properties. Showing 1 – 11,99478
: 1 available property,99474
Grimston: 17 available properties (including,99475
: 96 available properties (including,99477
: 1 available property,99476
Gatehouse Of Fleet: 5 available properties. Showing 1 – 5,99473
Gargrave: 13 available properties. Showing 1 – 13,99472
Farrington Gurney: 17 available properties. Showing 1 – 17,99470
: 1 available property,99469
Ederny: 8 available properties. Showing 1 – 8,99468
Driffield: 5 available properties. Showing 1 – 5,99467
: 1 available property,99465
Aysgarth: 14 available properties. Showing 1 – 14,99463
Cookham Dean: 43 available properties (including,99466
Badminton: 18 available properties. Showing 1 – 18,99464
Ashton In Makerfield: 21 available properties. Showing 1 – 21,99462
Amberley: 16 available properties. Showing 1 – 16,99461
Kumkoy: 6 available properties. Showing 1 – 6,99457
Serik: 46 available properties. Showing 1 – 45,99459
Hopa: 8 available properties (including,99454
Diyarbakir: 27 available properties. Showing 1 – 27,99453
Kebili: 5 available properties. Showing 1 – 5,99448
: 266 available properties (including,99455
Cerkezkoy: 18 available properties (including,99451
Cimenli: 313 available properties (including,99452
: 17 available properties (including,99449
Adiyaman: 17 available properties. Showing 1 – 17,99450
: 14 available properties. Showing 1 – 14,99445
: 22 available properties. Showing 1 – 22,99446
Ovronnaz: 34 available properties (including,99441
: 76 available properties (including,99444
: 19 available properties. Showing 1 – 19,99443
Marly Le Grand: 19 available properties. Showing 1 – 19,99440
Lourtier: 36 available properties (including,99439
: 54 available properties. Showing 1 – 45,99442
: 39 available properties (including,99435
Hasliberg: 36 available properties (including,99437
Tranas: 8 available properties. Showing 1 – 8,99431
Vargarda: 3 available properties. Showing 1 – 3,99433
Arbon: 23 available properties. Showing 1 – 23,99434
Ulricehamn: 6 available properties. Showing 1 – 6,99432
Tomta: 3 available properties. Showing 1 – 3,99430
Smogen: 4 available properties (including,99428
Simlangsdalen: 2 available properties. Showing 1 – 2,99426
Tarendo: 5 available properties. Showing 1 – 5,99429
Skivarp: 7 available properties. Showing 1 – 7,99427
: 3 available properties. Showing 1 – 3,99421
Ljungbyhed: 7 available properties. Showing 1 – 7,99420
Nossebro: 3 available properties. Showing 1 – 3,99423
Rimforsa: 8 available properties. Showing 1 – 8,99424
Gislaved: 2 available properties. Showing 1 – 2,99417
Lekeryd: 9 available properties. Showing 1 – 9,99419
Hok: 1 available property,99418
Gallivare: 5 available properties. Showing 1 – 5,99416
: 173 available properties. Showing 1 – 45,99422
Alvsbyn: 4 available properties. Showing 1 – 4,99412
Falkoping: 11 available properties. Showing 1 – 11,99415
Brastad: 3 available properties. Showing 1 – 3,99413
: 1 available property,99409
Ahus: 4 available properties. Showing 1 – 4,99411
Ubeda: 41 available properties (including,99407
Valga: 14 available properties. Showing 1 – 14,99408
Zamudio: 74 available properties (including,99410
Torla: 16 available properties (including,99406
: 1 available property,99405
: 1 available property,99401
Santona: 38 available properties. Showing 1 – 38,99402
: 1 available property,99396
: 1 available property,99397
: 14 available properties (including,99399
Sestao: 93 available properties (including,99403
: 46 available properties (including,99400
San Sebastian: 88 available properties. Showing 1 – 45,99398
: 31 available properties (including,99395
Salou: 93 available properties (including,99394
Rota: 4 available properties. Showing 1 – 4,99393
: 13 available properties. Showing 1 – 13,99390
Puzol: 15 available properties. Showing 1 – 15,99391
Pobla De Segur: 11 available properties. Showing 1 – 11,99386
Roquetas De Mar: 13 available properties (including,99392
Puigreig: 18 available properties (including,99389
Pueblo Nuevo De Guadiaro: 13 available properties (including,99387
: 78 available properties (including,99384
O Grove: 67 available properties. Showing 1 – 45,99381
: 87 available properties (including,99385
Panticosa: 19 available properties. Showing 1 – 19,99382
Navarrete Del Rio: 15 available properties (including,99379
: 2 available properties. Showing 1 – 2,99377
Plasencia: 24 available properties (including,99383
Moana: 55 available properties. Showing 1 – 45,99376
Negreira: 25 available properties. Showing 1 – 25,99380
Molinaseca: 36 available properties. Showing 1 – 36,99378
Luque: 9 available properties (including,99372
Madriguera: 11 available properties (including,99373
: 43 available properties. Showing 1 – 43,99370
: 21 available properties. Showing 1 – 21,99375
: 2 available properties (including,99371
Lierganes: 14 available properties (including,99368
Liria: 7 available properties. Showing 1 – 7,99369
: 31 available properties (including,99367
: 129 available properties (including,99374
: 26 available properties (including,99365
: 1 available property,99363
: 12 available properties (including,99360
La Selva Del Camp: 18 available properties. Showing 1 – 18,99366
: 16 available properties (including,99358
Jerte: 9 available properties (including,99364
: 17 available properties (including,99362
Fofe: 12 available properties. Showing 1 – 12,99359
: 16 available properties (including,99356
Conil De La Frontera: 33 available properties (including,99354
: 1 available property,99357
: 21 available properties (including,99355
Casabermeja: 7 available properties. Showing 1 – 7,99351
: 31 available properties (including,99350
: 36 available properties (including,99348
Calahonda: 11 available properties. Showing 1 – 11,99349
Castejon De Sos: 23 available properties. Showing 1 – 23,99352
Cintruenigo: 33 available properties (including,99353
: 9 available properties. Showing 1 – 9,99347
: 88 available properties (including,99346
Arevalo: 6 available properties. Showing 1 – 6,99342
Ayamonte: 8 available properties. Showing 1 – 8,99344
Barbate: 21 available properties. Showing 1 – 21,99345
: 26 available properties (including,99343
Areatza: 16 available properties. Showing 1 – 16,99341
: 16 available properties. Showing 1 – 16,99337
Aranda De Duero: 21 available properties. Showing 1 – 21,99339
: 1 available property,99334
Antigua: 4 available properties. Showing 1 – 4,99338
Arcos De La Frontera: 35 available properties (including,99340
Valca: 14 available properties (including,99330
Alcaudete: 15 available properties (including,99335
: 2 available properties (including,99332
: 1 available property,99336
Vyhne: 26 available properties (including,99331
Nove Zamky: 5 available properties. Showing 1 – 5,99328
Modra: 13 available properties. Showing 1 – 13,99327
Topolcany: 37 available properties (including,99329
Lucenec: 11 available properties. Showing 1 – 11,99326
: 124 available properties (including,99333
Besenova: 15 available properties. Showing 1 – 15,99324
Zlatibor: 121 available properties (including,99322
Raska: 63 available properties (including,99320
Negotin: 8 available properties. Showing 1 – 8,99318
: 59 available properties (including,99323
Krusevac: 8 available properties (including,99317
Nis: 95 available properties (including,99319
: 356 available properties (including,99316
: 2 available properties. Showing 1 – 2,99308
: 2 available properties. Showing 1 – 2,99309
: 62 available properties (including,99310
Sinpetru: 222 available properties (including,99306
: 425 available properties (including,99307
At Taif: 23 available properties. Showing 1 – 23,99313
Rasinari: 23 available properties. Showing 1 – 23,99305
Paraul Rece: 98 available properties. Showing 1 – 45,99303
Pestera: 94 available properties. Showing 1 – 45,99304
Jitaru: 18 available properties (including,99302
Cristian: 248 available properties (including,99301
Acatari: 13 available properties. Showing 1 – 13,99297
Mayaguez: 12 available properties. Showing 1 – 12,99295
: 14 available properties. Showing 1 – 14,99293
Baciu: 174 available properties (including,99298
Penacova: 68 available properties (including,99292
: 16 available properties (including,99289
Szczawnica: 6 available properties (including,99286
Stare Popowo: 24 available properties. Showing 1 – 24,99285
Piaseczno: 57 available properties (including,99284
Mielec: 17 available properties. Showing 1 – 17,99282
Kraskow: 14 available properties. Showing 1 – 14,99280
Mezowo: 12 available properties. Showing 1 – 12,99281
: 2 available properties. Showing 1 – 2,99277
Bestepe: 8 available properties. Showing 1 – 8,99299
Glinianka: 43 available properties (including,99278
: 72 available properties (including,99279
Chelmno: 14 available properties (including,99276
Brzezie: 21 available properties. Showing 1 – 21,99275
Skulestadmo: 6 available properties. Showing 1 – 6,99269
Stabbestad: 6 available properties (including,99270
: 605 available properties (including,99272
Vortungen: 1 available property,99271
Noresund: 9 available properties. Showing 1 – 9,99266
Gressvik: 9 available properties. Showing 1 – 9,99264
Avaldsnes: 11 available properties (including,99261
Bo: 13 available properties. Showing 1 – 13,99262
Montelimar: 16 available properties. Showing 1 – 16,99259
Scherpenisse: 5 available properties. Showing 1 – 5,99256
Staphorst: 6 available properties. Showing 1 – 6,99257
: 24 available properties. Showing 1 – 24,99265
: 18 available properties (including,99255
: 8 available properties. Showing 1 – 8,99254
Hillegom: 39 available properties (including,99253
Fnidek: 9 available properties (including,99249
: 48 available properties. Showing 1 – 45,99252
: 208 available properties (including,99245
Tivat: 363 available properties (including,99248
Sveti Stefan: 193 available properties (including,99247
Kamenari: 208 available properties (including,99246
Zamora: 6 available properties. Showing 1 – 6,99244
: 351 available properties (including,99242
Tihuatlan: 18 available properties. Showing 1 – 18,99238
San Antonio: 17 available properties. Showing 1 – 17,99234
: 103 available properties (including,99239
Tapachula: 15 available properties. Showing 1 – 15,99236
Piedras Negras: 4 available properties. Showing 1 – 4,99231
: 54 available properties (including,99233
: 158 available properties (including,99232
: 21 available properties. Showing 1 – 21,99227
Hidalgo Del Parral: 2 available properties. Showing 1 – 2,99223
Jarretadera: 64 available properties (including,99226
Ixtapa Zihuatanejo: 44 available properties. Showing 1 – 44,99225
Cordoba: 16 available properties. Showing 1 – 16,99218
Comondu: 5 available properties. Showing 1 – 5,99217
Cuauhtemoc: 5 available properties. Showing 1 – 5,99219
: 37 available properties (including,99220
Ciudad Valles: 8 available properties (including,99216
Kuciai: 16 available properties (including,99207
: 42 available properties (including,99213
: 87 available properties (including,99210
Trelawny: 15 available properties (including,99203
: 43 available properties. Showing 1 – 43,99204
: 23 available properties. Showing 1 – 23,99200
: 66 available properties (including,99205
Torre Del Greco: 126 available properties. Showing 1 – 45,99193
Volla: 442 available properties (including,99198
: 43 available properties. Showing 1 – 43,99199
Veglie: 62 available properties. Showing 1 – 45,99195
Tarvisio: 5 available properties. Showing 1 – 5,99190
Turate: 53 available properties. Showing 1 – 45,99194
: 63 available properties. Showing 1 – 45,99192
Tirano: 43 available properties (including,99191
Sestola: 22 available properties (including,99189
San Martino Siccomario: 27 available properties. Showing 1 – 27,99187
Preganziol: 106 available properties (including,99185
San Cesario Sul Panaro: 29 available properties. Showing 1 – 29,99186
: 7 available properties (including,99184
: 7 available properties (including,99181
Petrosino: 61 available properties (including,99182
Nalles: 47 available properties. Showing 1 – 45,99178
Norma: 25 available properties. Showing 1 – 25,99179
Montechiarugolo: 16 available properties (including,99177
Olgiate Olona: 54 available properties (including,99180
Pino Torinese: 331 available properties (including,99183
: 22 available properties. Showing 1 – 22,99174
Lido Del Savio: 131 available properties. Showing 1 – 45,99173
: 28 available properties. Showing 1 – 28,99176
: 78 available properties (including,99175
La Thuile: 33 available properties. Showing 1 – 33,99171
: 129 available properties. Showing 1 – 45,99170
Gropello Cairoli: 48 available properties. Showing 1 – 45,99169
Granarolo Del Lemilia: 48 available properties (including,99167
Gratteri: 105 available properties (including,99168
Falerna: 15 available properties. Showing 1 – 15,99164
Genga: 22 available properties. Showing 1 – 22,99165
Giovo: 64 available properties (including,99166
Centola: 26 available properties. Showing 1 – 26,99160
Comiso: 43 available properties. Showing 1 – 43,99163
Caprese Michelangelo: 14 available properties (including,99159
: 7 available properties (including,99155
: 116 available properties. Showing 1 – 45,99161
Cisano Bergamasco: 48 available properties. Showing 1 – 45,99162
Baschi: 23 available properties. Showing 1 – 23,99157
Azzano Mella: 52 available properties (including,99156
Abbiategrasso: 27 available properties. Showing 1 – 27,99152
: 22 available properties (including,99153
: 66 available properties. Showing 1 – 45,99154
: 1 available property,99150
Neve Ilan: 14 available properties (including,99151
: 1 available property,99149
: 1 available property,99148
Gort: 5 available properties. Showing 1 – 5,99147
: 1 available property,99143
: 61 available properties (including,99146
Drumshanbo: 16 available properties (including,99145
Culdaff: 17 available properties. Showing 1 – 17,99144
Einarsstadir: 13 available properties (including,99139
Ballygorman: 9 available properties. Showing 1 – 9,99141
Ballinskelligs: 13 available properties. Showing 1 – 13,99140
Birr: 16 available properties. Showing 1 – 16,99142
Zalacsany: 49 available properties (including,99137
Xanthi: 21 available properties. Showing 1 – 21,99134
: 8 available properties (including,99127
: 275 available properties (including,99133
: 82 available properties (including,99131
Paralia Katerinis: 37 available properties (including,99129
Kilkis: 3 available properties. Showing 1 – 3,99125
: 219 available properties (including,99128
Kaimaktsalan Voras: 6 available properties (including,99123
: 28 available properties (including,99120
: 13 available properties (including,99115
: 58 available properties (including,99122
: 51 available properties (including,99121
: 13 available properties (including,99119
Anchialos: 16 available properties (including,99113
: 62 available properties (including,99118
Akritochori: 9 available properties. Showing 1 – 9,99112
Wurzbach: 16 available properties. Showing 1 – 16,99109
Zeithain: 22 available properties. Showing 1 – 22,99111
: 176 available properties (including,99114
Zaberfeld: 19 available properties (including,99110
Worbis: 13 available properties (including,99108
Werther (Westf.): 35 available properties. Showing 1 – 35,99106
Trebsen/Mulde: 15 available properties. Showing 1 – 15,99105
: 9 available properties. Showing 1 – 9,99104
Plon: 9 available properties. Showing 1 – 9,99100
: 8 available properties (including,99102
Ostritz: 9 available properties. Showing 1 – 9,99096
: 2 available properties. Showing 1 – 2,99098
Pleisweiler Oberhofen: 19 available properties (including,99099
: 247 available properties. Showing 1 – 45,99095
: 112 available properties. Showing 1 – 45,99101
Pattensen: 35 available properties (including,99097
Odelzhausen: 19 available properties. Showing 1 – 19,99094
: 158 available properties (including,99093
Naila: 19 available properties. Showing 1 – 19,99089
Nordstrand: 2 available properties. Showing 1 – 2,99092
Neckarzimmern: 16 available properties (including,99090
Neuenburg am Rhein: 43 available properties. Showing 1 – 43,99091
: 2 available properties. Showing 1 – 2,99088
Kirchberg an der Jagst: 18 available properties. Showing 1 – 18,99086
Isenbuttel: 18 available properties (including,99084
Kemnath: 24 available properties. Showing 1 – 24,99085
Kirchdorf am Inn: 17 available properties. Showing 1 – 17,99087
: 23 available properties. Showing 1 – 23,99078
Hodenhagen: 18 available properties. Showing 1 – 18,99083
Hecklingen: 12 available properties. Showing 1 – 12,99082
Groditz: 16 available properties (including,99080
Hagenburg: 16 available properties (including,99081
Ediger Eller: 109 available properties (including,99077
Geilenkirchen: 22 available properties. Showing 1 – 22,99079
: 12 available properties. Showing 1 – 12,99076
Dargelin: 6 available properties. Showing 1 – 6,99075
Yssingeaux: 4 available properties. Showing 1 – 4,99070
: 24 available properties (including,99073
: 15 available properties. Showing 1 – 15,99069
Bad Staffelstein: 23 available properties. Showing 1 – 23,99072
Bietigheim-Bissingen: 36 available properties. Showing 1 – 36,99074
Verdun-sur-le-Doubs: 13 available properties. Showing 1 – 13,99068
Tournavaux: 12 available properties. Showing 1 – 12,99065
: 11 available properties. Showing 1 – 11,99066
Sille-le-Guillaume: 11 available properties. Showing 1 – 11,99063
Tancarville: 21 available properties. Showing 1 – 21,99064
Satillieu: 12 available properties. Showing 1 – 12,99062
Salbris: 9 available properties. Showing 1 – 9,99061
Romans-sur-Isere: 16 available properties. Showing 1 – 16,99056
Saint Pierre Des Nids: 13 available properties. Showing 1 – 13,99060
: 17 available properties. Showing 1 – 17,99058
Pougues Les Eaux: 36 available properties. Showing 1 – 36,99055
Neuillay Les Bois: 15 available properties. Showing 1 – 15,99048
Oinville Sous Auneau: 41 available properties. Showing 1 – 41,99050
: 29 available properties. Showing 1 – 29,99053
Pannes: 13 available properties. Showing 1 – 13,99051
: 18 available properties (including,99052
: 15 available properties. Showing 1 – 15,99049
: 13 available properties. Showing 1 – 13,99045
: 15 available properties. Showing 1 – 15,99047
: 26 available properties. Showing 1 – 26,99046
Montceau-les-Mines: 11 available properties (including,99043
Mont Dauphin: 16 available properties (including,99042
: 8 available properties. Showing 1 – 8,99041
: 256 available properties (including,99040
Meximieux: 16 available properties. Showing 1 – 16,99039
: 24 available properties. Showing 1 – 24,99036
Marguerittes: 35 available properties. Showing 1 – 35,99037
: 26 available properties. Showing 1 – 26,99034
Lezignan Corbieres: 16 available properties. Showing 1 – 16,99033
Laveyssiere: 7 available properties. Showing 1 – 7,99029
Langon: 13 available properties (including,99028
: 41 available properties. Showing 1 – 41,99031
: 15 available properties (including,99027
: 15 available properties. Showing 1 – 15,99024
Innenheim: 39 available properties (including,99022
: 15 available properties. Showing 1 – 15,99023
: 12 available properties. Showing 1 – 12,99021
Gueugnon: 9 available properties (including,99020
Gimont: 13 available properties (including,99018
Fressinieres: 8 available properties. Showing 1 – 8,99017
: 15 available properties (including,99016
: 36 available properties. Showing 1 – 36,99019
Creil: 25 available properties. Showing 1 – 25,99015
Coussey: 14 available properties. Showing 1 – 14,99014
Corbes: 17 available properties. Showing 1 – 17,99012
: 26 available properties. Showing 1 – 26,99011
Cheverny: 18 available properties. Showing 1 – 18,99010
Chantonnay: 6 available properties. Showing 1 – 6,99009
Couchey: 83 available properties (including,99013
: 7 available properties. Showing 1 – 7,99002
: 14 available properties. Showing 1 – 14,99003
Anet: 13 available properties. Showing 1 – 13,98999
: 9 available properties. Showing 1 – 9,98998
Agon Coutainville: 3 available properties. Showing 1 – 3,98996
Arc 1800: 43 available properties. Showing 1 – 43,99001
: 29 available properties. Showing 1 – 29,99000
Kemijarvi: 11 available properties (including,98993
Kalajoki: 6 available properties (including,98992
Vihula: 13 available properties. Showing 1 – 13,98990
Viimsi: 161 available properties (including,98991
Suonenjoki: 13 available properties (including,98995
La Herradura: 97 available properties. Showing 1 – 45,98988
Ain Sokhna: 34 available properties (including,98986
La Altagracia: 121 available properties (including,98983
Higuey: 41 available properties (including,98982
Saeby: 1 available property,98976
Vejen: 16 available properties (including,98979
Varde: 12 available properties. Showing 1 – 12,98978
: 129 available properties (including,98981
Rodvig: 4 available properties. Showing 1 – 4,98975
Logstor: 1 available property,98973
Borre: 6 available properties. Showing 1 – 6,98967
Follenslev: 4 available properties. Showing 1 – 4,98970
Norreballe: 8 available properties. Showing 1 – 8,98974
Gilleleje: 3 available properties. Showing 1 – 3,98971
Christiansfeld: 6 available properties (including,98969
Sluknov: 3 available properties. Showing 1 – 3,98965
Bronderslev: 5 available properties. Showing 1 – 5,98968
: 86 available properties. Showing 1 – 45,98972
Zruc: 39 available properties (including,98966
Ricany: 28 available properties (including,98963
Slavkov U Brna: 86 available properties (including,98964
: 22 available properties. Showing 1 – 22,98962
Kurim: 49 available properties (including,98961
Vinkovci: 21 available properties (including,98958
Jelsa: 48 available properties (including,98957
Duga Resa: 18 available properties (including,98956
La Cruz: 3 available properties. Showing 1 – 3,98954
Whitecourt (AB): 11 available properties. Showing 1 – 11,98949
Woodstock (NB): 4 available properties. Showing 1 – 4,98952
Windsor (NS): 12 available properties. Showing 1 – 12,98950
Vaudreuil Dorion (QC): 16 available properties. Showing 1 – 16,98945
Westlock (AB): 3 available properties. Showing 1 – 3,98948
Wallaceburg (ON): 19 available properties. Showing 1 – 19,98947
Wainwright (AB): 7 available properties. Showing 1 – 7,98946
Tumbler Ridge (BC): 1 available property,98942
Valemount (BC): 4 available properties. Showing 1 – 4,98943
Three Hills (AB): 15 available properties. Showing 1 – 15,98940
Tillsonburg (ON): 13 available properties. Showing 1 – 13,98941
Swift Current No 137 (SK): 16 available properties. Showing 1 – 16,98937
Stony Plain (AB): 29 available properties. Showing 1 – 29,98933
Stettler (AB): 8 available properties. Showing 1 – 8,98932
Summerland (BC): 16 available properties. Showing 1 – 16,98936
Sylvan Lake (AB): 17 available properties. Showing 1 – 17,98938
Sturgeon Falls (ON): 18 available properties. Showing 1 – 18,98935
Strathmore (AB): 45 available properties. Showing 1 – 45,98934
Shawinigan Sud (QC): 14 available properties (including,98928
Squamish (BC): 27 available properties. Showing 1 – 27,98931
Slave Lake (AB): 4 available properties. Showing 1 – 4,98929
Saint Thomas (ON): 19 available properties (including,98926
Sault Ste Marie (ON): 23 available properties. Showing 1 – 23,98927
Saint Paul (AB): 19 available properties. Showing 1 – 19,98925
Saint-Georges (QC): 13 available properties. Showing 1 – 13,98920
saint Helene De Bagot (QC): 16 available properties. Showing 1 – 16,98921
Provost (AB): 4 available properties. Showing 1 – 4,98910
Riviere-Verte (NB): 16 available properties. Showing 1 – 16,98914
Rimbey (AB): 16 available properties. Showing 1 – 16,98913
Portage La Prairie (MB): 3 available properties. Showing 1 – 3,98908
Prince Albert (SK): 8 available properties. Showing 1 – 8,98909
Ponoka County No 3 (AB): 18 available properties. Showing 1 – 18,98907
Pincher Creek (AB): 15 available properties. Showing 1 – 15,98903
Pickering (ON): 8 available properties (including,98902
Pitt Meadows (BC): 7 available properties. Showing 1 – 7,98905
Petawawa (ON): 12 available properties. Showing 1 – 12,98901
Pemberton (BC): 14 available properties (including,98900
Oromocto (NB): 16 available properties. Showing 1 – 16,98899
Olds (AB): 18 available properties. Showing 1 – 18,98898
Niagara On The Lake (ON): 29 available properties. Showing 1 – 29,98896
: 11 available properties. Showing 1 – 11,98894
: 32 available properties (including,98895
Morin Heights (QC): 24 available properties. Showing 1 – 24,98893
Mont Laurier (QC): 15 available properties (including,98892
Midland (ON): 12 available properties. Showing 1 – 12,98890
Medicine Hat (AB): 19 available properties. Showing 1 – 19,98889
Lillooet (BC): 13 available properties. Showing 1 – 13,98885
Lake Country (BC): 11 available properties. Showing 1 – 11,98882
Lac La Biche (AB): 6 available properties. Showing 1 – 6,98880
Innisfail (AB): 28 available properties. Showing 1 – 28,98879
: 32 available properties. Showing 1 – 32,98876
Houston (BC): 4 available properties. Showing 1 – 4,98877
High River (AB): 16 available properties. Showing 1 – 16,98875
High Level (AB): 6 available properties. Showing 1 – 6,98874
Hearst (ON): 1 available property,98873
Hanna (AB): 5 available properties. Showing 1 – 5,98872
: 78 available properties (including,98870
Grimsby (ON): 33 available properties. Showing 1 – 33,98869
Fort Saint John (BC): 17 available properties. Showing 1 – 17,98866
Forestville (QC): 5 available properties. Showing 1 – 5,98864
Edson (AB): 14 available properties. Showing 1 – 14,98863
: 54 available properties. Showing 1 – 45,98862
Drumheller (AB): 15 available properties. Showing 1 – 15,98860
Dawson Creek (BC): 5 available properties. Showing 1 – 5,98859
Cochrane (AB): 19 available properties (including,98854
Dalhousie (NB): 11 available properties. Showing 1 – 11,98858
: 27 available properties. Showing 1 – 27,98855
